Strain,Anisotropy
0,0.128254181
0.18,0.188954429
0.32,0.226033178
0.39,0.254849649
0.59,0.316008131
0.73,0.347895351
1.01,0.400805193
1.42,0.425804472
1.58,0.44749223
