Model Parameters,Parameter Values
a,0.39567510305145853
b,1.1192184124173044
c,0.5158641610424843
R2,0.9939973379314645
