Model Parameters,Parameter Values,Parameter Standard Deviation
b,1.034803353210187,0.11359269717371222
c,0.5270116897279218,0.02445949066772755
r0,0.128254181,
R2,0.9931102210976726,
